mode,task_ms,workers,trial,submitted,tasks,window_s,window_tasks,throughput,p50_ms,p99_ms,cycle_p50_ms,cycle_mean_ms,gap_p50_ms,overhead_ms,lease_overhead_p50_ms,littles_L,littles_ratio,leased_L,active_workers,handler_ms,wall_s,other_cpu_pct,host_load1,timings_p50
sample,0,1,1,3600,3600,14.652,2881,196.56654314345616,1.6520023345947266,8.963966369628885,3.607034683227539,5.087286202847109,1.9450187683105469,5.086702931295329,1.6514190630429464,0.9999902628750554,0.9999902628750554,0.44234045517220055,1,0.0005832715517802475,19.93,167.3,8.4,
sample,0,2,1,5661,5661,19.896,4529,227.58476032406037,2.1648406982421875,13.737201690673833,5.276918411254883,8.791517605439076,2.9449462890625,8.790911672485407,2.1642347652885197,2.000815427118609,1.0004077135593046,0.6621448109037623,2,0.0006059329536679466,25.39,131.4,7.36,
sample,0,4,1,6554,6554,22.491,5243,233.07207417874037,4.001140594482422,18.26366424560547,10.519981384277344,17.162824000172726,5.962848663330078,17.161925911872252,4.000242506181946,4.000174988484924,1.000043747121231,1.1740318949095898,4,0.0008980883004756,29.4,164.1,7.16,
sample,0,8,1,6712,6712,22.172,5369,242.10617885067185,4.556179046630859,19.179573059082,14.04106616973877,33.064406191337106,8.880972862243652,33.0637500023267,4.555522857620453,8.005097038951122,1.0006371298688903,1.3699835613653806,8,0.0006561890104064037,28.33,91.5,6.35,
sample,0,16,1,5296,5296,17.651,4237,239.9800947668342,6.325960159301758,32.984933853149585,41.39304161071777,66.9128512158806,31.82244300842285,66.91185610401288,6.324965047434047,16.0577523759061,1.0036095234941314,1.9990613026629676,16,0.0009951118677112435,22.15,112.0,6.87,
sample,0,32,1,6972,6972,23.17,5577,240.66077954929497,18.993854522705078,67.08991050720212,152.9560089111328,133.12132253017958,132.8890323638916,133.12031506024195,18.992847052767434,32.03708125474614,1.001158789210817,5.326106141756281,32,0.0010074699376426569,27.99,138.3,6.67,
sample,0,64,1,6972,6972,23.847,5577,233.82251050136995,42.246103286743164,161.15009307861328,222.29814529418945,272.1260925014792,185.6670379638672,272.1246771232346,42.24468790849857,63.629206121623895,0.9942063456503734,11.884271549329442,64,0.0014153782445976133,26.61,109.1,8.03,
sample,5,1,1,1784,1784,17.927,1427,79.5439022123531,8.671045303344727,17.59382247924805,11.597156524658203,12.572722853275767,2.592802047729492,6.258159863348624,2.356482313417583,1.0000834371839848,1.0000834371839848,0.7292677992946947,1,6.314562989927143,23.34,114.8,5.98,
sample,5,2,1,2290,2290,11.981,1833,152.9122326941577,8.613109588623047,18.39978218078618,11.643052101135254,13.077943833147893,2.77554988861084,6.753394616718528,2.2885603721936816,1.9997775905754351,0.9998887952877176,1.4113287184071142,2,6.324549216429365,15.26,112.2,4.44,
sample,5,4,1,4403,4403,15.012,3522,234.5379476719954,9.201526641845703,21.284968852996823,13.686418533325195,17.064639258032095,4.145145416259766,10.909506970098121,3.0463943539117295,4.00230546934181,1.0005763673354524,2.3069529554576387,4,6.155132287933974,20.02,90.8,5.13,
sample,5,8,1,6754,6754,22.535,5403,239.71809386112125,10.462045669555664,29.375734329223583,19.362926483154297,33.38830063874881,7.84611701965332,27.31105062185166,4.384795652658515,8.003779786382921,1.0004724732978652,2.822638257487373,8,6.077250016897149,28.87,165.9,6.22,
sample,5,16,1,6903,6903,24.646,5522,224.0145918572916,13.76950740814209,39.15541648864744,60.43100357055664,71.59704530953103,42.591094970703125,65.45113326224961,7.623595360860674,16.038782883202607,1.002423930200163,3.4632279580083916,16,6.145912047281416,30.62,222.8,9.61,
sample,5,32,1,6903,6903,23.265,5522,237.30714114392038,22.87733554840088,89.59053516387937,150.10809898376465,135.1465067926973,124.0229606628418,128.86421964368114,16.595048399384723,32.07123116256241,1.0022259738300754,6.378013333535475,32,6.282287149016154,28.01,75.2,8.12,
sample,5,64,1,6903,6903,23.449,5522,235.4477330895206,42.21808910369873,175.64337015151975,218.73903274536133,268.8199450749791,183.75802040100098,262.3828933274298,35.78103735614948,63.293046677153264,0.9889538543305197,11.612273934779644,64,6.4370517475492495,25.96,139.5,9.03,
sample,50,1,1,319,319,15.422,256,16.535319961308915,54.43549156188965,63.36227655410766,58.537960052490234,60.47672831167386,3.7109851837158203,8.99673402646188,2.9554972766776686,1.0000020528466766,1.0000020528466766,0.9187266971848357,1,51.47999428521198,19.76,99.8,6.39,
sample,50,2,1,476,476,11.712,381,32.44529736476284,54.87203598022461,71.27366065979004,59.30304527282715,61.68354158376193,4.281044006347656,10.017076554354112,3.205570950816792,2.00134084919687,1.000670424598435,1.8213562337521574,2,51.66646502940782,15.22,144.4,5.87,
sample,50,4,1,934,934,11.727,747,63.61419160806438,55.18507957458496,70.30433177947994,60.57703495025635,62.811676704016016,4.814028739929199,11.254345426531216,3.627748297100162,3.9957140370730686,0.9989285092682672,3.577730584638999,4,51.5573312774848,15.28,83.1,5.25,
sample,50,8,1,1832,1832,11.934,1465,122.67144146380551,54.67796325683594,87.86481857299803,60.21451950073242,65.16262108079363,5.333900451660156,13.966904811562458,3.4822469876047677,7.993592657540714,0.9991990821925892,6.92845984109266,8,51.19571626923117,15.31,102.4,5.63,
sample,50,16,1,3532,3532,12.257,2825,230.39948062484288,54.708003997802734,83.59476089477513,63.64798545837402,69.19024419733765,7.955074310302734,18.046836417327548,3.5645962177926336,15.941396327372642,0.9963372704607901,13.000715056460406,16,51.1434077800101,15.36,77.3,5.79,
sample,50,32,1,6635,6635,23.996,5308,221.16233008255992,62.552452087402344,137.59122610092172,130.92541694641113,144.51372573773065,69.96285915374756,92.98693579857674,11.02566214824843,31.96099231306852,0.9987810097833912,14.93517139201562,32,51.526789939153915,29.5,184.1,6.6,
sample,50,64,1,6635,6635,24.486,5308,216.73615686470927,80.35552501678467,266.0415768623352,232.86449909210205,292.30274100489476,156.37731552124023,240.50534946916127,28.558133481051186,63.35257272642136,0.9898839488503337,20.531073558411425,64,51.79739153573348,29.15,198.6,8.61,
sample,0,1,2,3294,3294,14.43,2635,182.53406849257627,1.8858909606933594,10.344233512878414,4.337072372436523,5.479264703034177,2.2749900817871094,5.478627821862478,1.8852540795216604,1.000152478592596,1.000152478592596,0.4541027341618531,1,0.0006368811716991134,18.39,103.2,6.77,
sample,0,2,2,4667,4667,15.819,3734,235.9782306061627,2.0995140075683594,10.422790050506594,5.002021789550781,8.477714546753683,2.621889114379883,8.477115611147415,2.098915071962091,2.000556078327061,1.0002780391635304,0.6213866793862823,2,0.000598935606268412,20.4,91.3,5.91,
sample,0,4,2,5453,5453,18.488,4362,235.88669036655176,2.662539482116699,18.36414337158212,6.569981575012207,16.963096155164,3.684520721435547,16.962541107188276,2.6619844341409746,4.001368610411215,1.0003421526028038,0.8562924713242096,4,0.00055504797572448,23.11,55.7,10.55,
sample,0,8,2,5665,5665,18.778,4532,241.2882095416196,3.9359331130981445,13.629524707793982,12.365102767944336,33.20940957874145,7.8220367431640625,33.20880070196893,3.93532423632563,8.013038977188836,1.0016298721486045,1.102507670399072,8,0.000608876772514246,23.87,27.6,7.0,
sample,0,16,2,5615,5615,18.799,4492,238.90040008413746,4.357337951660156,31.128234863281257,30.03716468811035,67.09459186372465,22.758960723876953,67.09377880886976,4.356524896805273,16.028924839725732,1.0018078024828583,1.503752532629918,16,0.0008130548548829125,23.68,11.9,7.2,
sample,0,32,2,5631,5631,18.808,4505,239.4710762843441,15.80500602722168,50.37589073181155,166.78249835968018,133.93908653711782,154.06250953674316,133.93807555724035,15.803995047344229,32.07453720958551,1.002329287799547,4.216791019289331,32,0.001010979877451087,22.58,4.5,5.05,
sample,0,64,2,5471,5471,18.624,4377,234.9657220551694,30.27200698852539,142.62004852294908,220.44742107391357,268.1514024734497,191.6189193725586,268.14973465500964,30.27033917008533,63.00638790228045,0.984474810973132,8.359503280689005,64,0.001667818440061578,20.02,11.8,4.35,
sample,5,1,2,1861,1861,18.492,1489,80.46869978220118,9.131908416748047,15.212984085082965,11.831998825073242,12.42770007094362,2.716064453125,5.726168030186923,2.430376375991349,1.0000408659920026,1.0000408659920026,0.7527625889538258,1,6.701532040756698,23.44,6.0,3.55,
sample,5,2,2,3578,3578,16.981,2863,168.54435698402924,8.627891540527344,16.014108657836978,11.193037033081055,11.863965331487245,2.3779869079589844,5.150948440655989,1.9148746496960873,1.9996044080763329,0.9998022040381664,1.5153379955172817,2,6.713016890831256,21.87,12.8,4.29,
sample,5,4,2,5488,5488,18.114,4391,242.34862991972602,8.710861206054688,13.616299629211431,11.7950439453125,16.502151947734188,2.7680397033691406,9.911283661773423,2.1199929200939227,3.9992739152605186,0.9998184788151296,2.174225431719979,4,6.590868285960765,23.06,14.5,4.66,
sample,5,8,2,5609,5609,18.658,4488,240.48459263491225,8.635997772216797,17.992632389068607,13.852119445800781,33.05689004424,4.65846061706543,27.029366605492143,2.6084743334689398,7.949672736066143,0.9937090920082678,2.2680271354190054,8,6.027523438747857,23.48,5.5,4.08,
sample,5,16,2,5241,5241,17.508,4193,239.43478249442478,9.724140167236328,23.628702163696268,27.42600440979004,66.70354047423339,14.800548553466797,60.71921487696291,3.739814569965846,15.971147705056131,0.9981967315660082,2.614617163873637,16,5.984325597270482,24.47,7.4,4.03,
sample,5,32,2,5552,5552,18.578,4441,238.98669703828588,17.477989196777344,55.790758132934705,165.20214080810547,133.78992156291196,152.20403671264648,127.72869000150556,11.416757635370939,31.974011451331673,0.9991878578541148,4.56661023302076,32,6.061231561406404,22.14,13.3,5.27,
sample,5,64,2,5509,5509,18.766,4408,234.84231823444617,33.81800651550293,119.85892057418825,221.35555744171143,269.0537108864967,192.14105606079102,262.80564640872143,27.56994203772769,63.185197194165326,0.9872687061588332,9.376766021964544,64,6.248064477775242,20.07,20.5,6.03,
sample,50,1,2,386,386,20.791,309,14.813803013606842,59.01312828063965,79.82379913330088,66.18809700012207,67.52749840677367,6.424903869628906,14.380200266721374,5.865830140587349,1.000339059399595,1.000339059399595,0.8872099237482334,1,53.1472981400523,26.39,11.0,4.59,
sample,50,2,2,759,759,19.487,608,31.148202086658554,56.56754970550537,70.67893505096433,61.77043914794922,64.10138913900545,4.765868186950684,11.455506138834629,3.9216667053345518,1.9966430229372816,0.9983215114686408,1.7936053549154516,2,52.64588300017082,24.9,41.0,5.85,
sample,50,4,2,1488,1488,18.846,1191,63.14369387303515,56.15496635437012,68.61095428466786,62.139034271240234,63.45295020051905,5.430102348327637,11.02810136159539,3.7301175154464588,4.006653662802519,1.0016634157006297,3.5953032753686403,4,52.42484883892366,23.87,22.6,5.6,
sample,50,8,2,2870,2870,17.782,2297,129.1182014831967,54.83603477478027,66.35006904602051,60.79697608947754,61.92084502423888,5.4111480712890625,10.110944108110509,3.026133858651903,7.995108143849474,0.9993885179811842,7.182874736502061,8,51.80990091612837,22.94,11.9,4.7,
sample,50,16,2,5391,5391,17.758,4313,242.81402628002604,54.30316925048828,69.17081832885745,63.16781044006348,65.83425499001446,7.877111434936523,14.512746208410071,2.981660468883895,15.985480521271306,0.9990925325794566,13.44850042248392,16,51.321508781604386,22.46,11.5,5.5,
sample,50,32,2,5175,5175,17.673,4140,234.20495831394467,62.00051307678223,129.97671365737884,121.22488021850586,136.60028096215044,60.5931282043457,85.07481580176653,10.475047916398331,31.992463108413574,0.9997644721379242,15.528536443174541,32,51.525465160383895,21.12,15.2,9.28,
sample,50,64,2,5071,5071,23.833,4057,170.18696193636043,84.40113067626953,1059.7676944732673,260.76602935791016,371.16622710174306,165.85516929626465,318.53104952694764,31.765953101474132,63.167652563826856,0.9869945713097946,21.143467035776556,64,52.6351775747954,33.68,75.1,14.92,
sample,0,1,3,4271,4271,23.339,3417,146.36370086370744,1.9488334655761719,16.42337799072268,4.472970962524414,6.833249478877725,2.404928207397461,6.832456695749015,1.9480406824474619,1.000139682653544,1.000139682653544,0.44329046538501715,1,0.0007927831287099582,28.45,110.3,10.72,
sample,0,2,3,5521,5521,18.158,4417,243.19857748227892,1.6548633575439453,6.018962860107444,3.7240982055664062,8.224781399270011,2.012968063354492,8.224362208360306,1.6544441666342407,2.0002551364051744,1.0001275682025872,0.4742377971572852,2,0.00041919090970473494,23.42,9.2,5.26,
sample,0,4,3,5519,5519,18.215,4416,242.38540663277686,2.393960952758789,10.135436058044444,5.7315826416015625,16.515335095982973,3.1780004501342773,16.51476995120879,2.393395807984608,4.003076212916404,1.000769053229101,0.6997485556308709,4,0.0005651447741810214,23.5,12.0,5.05,
sample,0,8,3,5646,5646,18.463,4517,244.6013417984798,3.47900390625,14.412364959716841,11.27004623413086,32.73658445827712,7.414102554321289,32.73609550750776,3.4785149554806383,8.007412484393845,1.0009265605492306,1.0372121127823732,8,0.0004889507693615639,23.3,53.2,4.78,
sample,0,16,3,5590,5590,18.557,4473,240.99120202050517,3.503084182739258,17.25022315979003,23.947477340698242,66.54183579946549,17.402052879333496,66.54116147483991,3.502409858113673,16.03599699396427,1.002249812122767,1.1972722163952194,16,0.0006743246255849016,22.99,11.2,4.93,
sample,0,32,3,5603,5603,18.545,4482,241.6233385811304,13.545989990234375,57.07247257232656,170.10104656219482,132.91962954028432,159.28947925567627,132.91868520430046,13.545045654250508,32.11648465249054,1.0036401453903294,3.7778126238991416,32,0.0009443359838665002,22.56,12.3,4.0,
sample,0,64,3,5498,5498,18.429,4399,238.64114680437564,27.45199203491211,108.68792057037345,216.02106094360352,264.02530326519314,190.6569004058838,264.0239343716094,27.450623141328368,63.007301156578755,0.984489080571543,7.728086013173908,64,0.0013688935837432303,19.97,17.3,3.51,
sample,5,1,3,1882,1882,22.018,1505,68.30844902044562,9.449958801269531,24.52081680297852,12.537956237792969,14.638690574123157,3.1211376190185547,8.318950625086131,3.130218852232505,0.9999462488085695,0.9999462488085695,0.6936768829804724,1,6.319739949037026,27.58,13.8,5.83,
sample,5,2,3,3943,3943,32.469,3154,97.10760040765594,9.624958038330078,52.07639694213846,13.028383255004883,20.607133592878068,3.576993942260742,14.266533102675108,3.284357548127118,2.0011092944843867,1.0005546472421933,1.2088453495289988,2,6.34060049020296,37.24,13.5,7.37,
sample,5,4,3,5670,5670,18.702,4537,242.5443937841233,8.502960205078125,12.905006408691415,11.420965194702148,16.448787693838472,2.5004148483276367,9.853909656876837,1.908082168116489,3.9895612396858,0.99739030992145,2.131592548138766,4,6.594878036961636,23.55,10.0,6.28,
sample,5,8,3,5627,5627,18.668,4502,241.10453576690364,8.48543643951416,15.785882472991942,12.943029403686523,33.22777751293195,4.027843475341797,27.176820431327407,2.434479357909617,8.011367871821419,1.0014209839776773,2.1927980069010893,8,6.050957081604543,23.6,9.4,4.46,
sample,5,16,3,5602,5602,18.518,4481,241.928326599448,9.164094924926758,19.643306732177727,25.00295639038086,66.36973836375428,12.833118438720703,60.424263366447825,3.2186199276203,16.05671973918626,1.0035449836991412,2.4741067365187037,16,5.945474997306458,23.49,14.4,5.75,
sample,5,32,3,5592,5592,18.968,4473,235.77078159604653,15.823125839233398,69.70318794250473,171.65303230285645,135.10188909627914,159.00492668151855,129.0281115563345,9.749348299288751,31.85307798733213,0.9954086871041291,4.305309366968036,32,6.073777539944648,22.68,23.5,4.64,
sample,5,64,3,5495,5495,19.708,4396,223.00967706992472,32.83107280731201,339.9757742881778,217.74601936340332,282.2676375783238,192.24154949188232,275.86277388574024,26.42620911472848,62.94841470363254,0.9835689797442584,10.951595589572888,64,6.404863692583534,21.04,94.4,5.63,
sample,50,1,3,346,346,17.011,277,16.225138042098003,55.2821159362793,66.00379943847658,59.42416191101074,61.6348951513117,4.305124282836914,9.875194388314803,3.522415173282397,1.0000346820402692,1.0000346820402692,0.9126707852214013,1,51.7597007629969,21.74,19.8,4.57,
sample,50,2,3,728,728,18.25,583,31.89022223236566,55.60302734375,66.76806449890135,60.669898986816406,62.727642881459204,4.716992378234863,10.701913014711728,3.5772974770025243,2.0003984716022036,1.0001992358011018,1.806355777283385,2,52.025729866747476,23.31,22.9,3.92,
sample,50,4,3,1477,1477,18.235,1182,64.76505642134681,55.05955219268799,66.91710710525514,60.17899513244629,61.66264199927462,4.944801330566406,9.80415867107547,3.201068864488839,3.9935844881723304,0.9983961220430826,3.611201605399975,4,51.85848332819915,23.29,18.3,3.64,
sample,50,8,3,3021,3021,18.031,2417,133.99183196911008,54.04090881347656,60.831861495971694,58.812856674194336,59.61681351726948,4.312038421630859,8.264618512147415,2.6887138083544997,7.9881660593397426,0.9985207574174678,7.299593131519897,8,51.35219500512206,22.85,14.5,3.21,
sample,50,16,3,5681,5681,18.802,4545,241.67586519168216,54.0621280670166,67.33375549316413,62.613606452941895,66.23746504825829,7.467508316040039,15.231960807048345,3.0566238258066605,16.007996673641628,1.0004997921026018,13.284710452391671,16,51.00550424120994,23.82,57.2,3.54,
sample,50,32,3,5480,5480,18.095,4385,242.28165053579556,59.09585952758789,95.62102317810054,126.1669397354126,132.3039535556772,71.60651683807373,80.91817849583268,7.710084467743378,32.054820239880705,1.001713132496272,14.7207193418217,32,51.38577505984451,21.98,14.4,4.72,
sample,50,64,3,3982,3982,13.594,3185,234.22239533231337,68.12691688537598,194.36091423034608,216.01402759552002,264.1623759830521,150.17437934875488,212.6471874798926,16.61172838221652,61.872744459425626,0.9667616321785254,17.379691768176336,64,51.51518850315946,14.32,14.1,4.88,
