kill,worker_id,tasks,via,detect_ms,requeue_ms,reclaim_ms,total_ms,note
1,detect-3989eae7a5ce,1,heartbeat,5833.0,5833.9,246.2,6080.1,
2,detect-8f957c8c4ee9,1,heartbeat,5516.5,5517.1,164.3,5681.5,
3,detect-46c7e4b02a68,1,heartbeat,5067.9,5068.9,257.1,5326.1,
4,detect-6b285e34a5d4,1,heartbeat,4122.8,4127.3,130.4,4257.7,
5,detect-974c61123a35,1,heartbeat,6238.9,6243.4,427.1,6670.5,
6,detect-8602a80831b7,1,heartbeat,5999.8,6003.6,376.5,6380.2,
7,detect-185441f249dd,1,heartbeat,5428.0,5430.1,367.6,5797.7,
8,detect-9067b6116694,1,heartbeat,4403.7,4405.9,251.4,4657.3,
9,detect-7df13428a4c1,1,heartbeat,4491.3,4495.2,331.5,4826.7,
10,detect-a521fca3f0f7,1,heartbeat,5063.0,5064.1,376.8,5440.9,
11,detect-b3fdb0008126,1,heartbeat,4841.6,4848.7,400.9,5249.5,
12,detect-0d8a596a1d99,1,heartbeat,5422.4,5423.2,330.0,5753.3,
13,detect-303c6583e347,1,heartbeat,5985.5,5987.7,340.7,6328.4,
14,detect-930623ad1e36,1,heartbeat,6075.3,6076.5,223.8,6300.3,
15,detect-8873006b48f2,1,heartbeat,4475.1,4476.3,134.4,4610.8,
16,detect-1ae7c894efd8,,,5353.3,,,,idle
17,detect-fb89a33d8e86,1,heartbeat,4863.4,4864.2,229.6,5093.8,
18,detect-de0f418623d2,,,5166.9,,,,idle
19,detect-a7cb54bc30e3,1,heartbeat,5463.6,5464.5,95.8,5560.2,
20,detect-9f40cd080852,1,heartbeat,5004.8,5005.6,272.2,5277.8,
21,detect-d154a41d3dd6,1,heartbeat,6140.0,6141.0,304.3,6445.3,
22,detect-f7c3b3974059,1,heartbeat,6368.6,6369.8,366.5,6736.3,
23,detect-164b44a791a7,1,heartbeat,5190.6,5191.9,372.1,5564.0,
24,detect-488622619dd9,1,heartbeat,5162.7,5163.7,321.1,5484.8,
